timestamp,scan_idx,meas_idx,angle_deg,distance_mm,quality,x_mm,y_mm
2025-11-07T13:19:04.960Z,0,0,0.172,1802.2,15,1802.2,5.4
2025-11-07T13:19:04.960Z,0,1,1.375,1808.8,15,1808.2,43.4
2025-11-07T13:19:04.960Z,0,2,2.672,1748.5,15,1746.6,81.5
2025-11-07T13:19:04.960Z,0,3,6.109,3460.2,15,3440.6,368.3
2025-11-07T13:19:04.960Z,0,4,7.375,3549.5,15,3520.1,455.6
2025-11-07T13:19:04.960Z,0,5,8.641,3557.8,15,3517.4,534.5
2025-11-07T13:19:04.960Z,0,6,9.922,3583.8,15,3530.2,617.5
2025-11-07T13:19:04.960Z,0,7,11.156,3611.2,15,3543.0,698.7
2025-11-07T13:19:04.960Z,0,8,12.453,3613.5,15,3528.5,779.2
2025-11-07T13:19:04.960Z,0,9,13.703,3646.5,15,3542.7,863.8
2025-11-07T13:19:04.960Z,0,10,14.969,3693.8,15,3568.4,954.1
2025-11-07T13:19:04.960Z,0,11,16.250,3712.8,15,3564.4,1038.9
2025-11-07T13:19:04.960Z,0,12,17.500,3730.8,15,3558.1,1121.9
2025-11-07T13:19:04.960Z,0,13,18.797,3772.2,15,3571.1,1215.5
2025-11-07T13:19:04.960Z,0,14,20.062,3695.0,15,3470.8,1267.6
2025-11-07T13:19:04.960Z,0,15,21.312,3836.5,15,3574.1,1394.4
2025-11-07T13:19:04.960Z,0,16,22.594,3889.0,15,3590.5,1494.1
2025-11-07T13:19:04.960Z,0,17,23.844,3883.5,12,3552.0,1569.9
2025-11-07T13:19:04.960Z,0,18,25.125,3948.8,12,3575.1,1676.6
2025-11-07T13:19:04.960Z,0,19,26.406,3983.5,12,3567.9,1771.6
2025-11-07T13:19:04.960Z,0,20,28.000,2146.0,13,1894.8,1007.5
2025-11-07T13:19:04.960Z,0,21,29.297,1962.2,15,1711.3,960.2
2025-11-07T13:19:04.960Z,0,22,30.578,1895.0,15,1631.5,964.0
2025-11-07T13:19:04.960Z,0,23,31.906,1840.5,15,1562.4,972.8
2025-11-07T13:19:04.960Z,0,24,33.188,1782.0,15,1491.3,975.4
2025-11-07T13:19:04.960Z,0,25,34.516,1727.5,15,1423.4,978.9
2025-11-07T13:19:04.960Z,0,26,35.922,1681.0,15,1361.3,986.2
2025-11-07T13:19:04.960Z,0,27,37.188,1646.8,15,1311.9,995.3
2025-11-07T13:19:04.960Z,0,28,38.484,1597.8,15,1250.7,994.3
2025-11-07T13:19:04.960Z,0,29,39.781,1567.2,15,1204.4,1002.8
2025-11-07T13:19:04.960Z,0,30,41.078,1526.2,15,1150.5,1002.9
2025-11-07T13:19:04.960Z,0,31,42.422,1496.2,15,1104.5,1009.3
2025-11-07T13:19:04.960Z,0,32,43.656,1464.8,15,1059.7,1011.2
2025-11-07T13:19:04.960Z,0,33,44.969,1437.0,15,1016.7,1015.6
2025-11-07T13:19:04.960Z,0,34,46.234,1407.8,15,973.8,1016.6
2025-11-07T13:19:04.960Z,0,35,47.531,1385.0,15,935.1,1021.6
2025-11-07T13:19:04.960Z,0,36,48.875,1363.0,15,896.5,1026.7
2025-11-07T13:19:04.960Z,0,37,50.109,1410.0,9,904.3,1081.9
2025-11-07T13:19:04.960Z,0,38,51.234,1595.2,15,998.8,1243.8
2025-11-07T13:19:04.960Z,0,39,52.547,1569.8,15,954.6,1246.1
2025-11-07T13:19:04.960Z,0,40,53.859,1551.8,15,915.2,1253.1
2025-11-07T13:19:04.960Z,0,41,55.141,1528.8,15,873.8,1254.4
2025-11-07T13:19:04.960Z,0,42,56.391,1514.2,15,838.2,1261.1
2025-11-07T13:19:04.960Z,0,43,57.703,1493.5,15,798.0,1262.4
2025-11-07T13:19:04.960Z,0,44,59.016,1478.2,15,761.0,1267.3
2025-11-07T13:19:04.960Z,0,45,60.281,1457.0,15,722.3,1265.4
2025-11-07T13:19:04.960Z,0,46,61.562,1449.5,15,690.3,1274.6
2025-11-07T13:19:04.960Z,0,47,62.875,1434.2,15,653.9,1276.5
2025-11-07T13:19:04.960Z,0,48,64.156,1423.2,15,620.4,1280.9
2025-11-07T13:19:04.960Z,0,49,65.453,1408.2,15,585.0,1281.0
2025-11-07T13:19:04.960Z,0,50,66.781,1398.8,15,551.4,1285.5
2025-11-07T13:19:04.960Z,0,51,68.031,1388.2,15,519.3,1287.4
2025-11-07T13:19:04.960Z,0,52,69.281,1378.8,15,487.8,1289.6
2025-11-07T13:19:04.960Z,0,53,70.641,1368.2,15,453.6,1290.9
2025-11-07T13:19:04.960Z,0,54,71.859,1364.0,15,424.7,1296.2
2025-11-07T13:19:04.960Z,0,55,73.172,1354.0,15,392.0,1296.0
2025-11-07T13:19:04.960Z,0,56,74.422,1349.2,15,362.3,1299.7
2025-11-07T13:19:04.960Z,0,57,75.750,1344.0,15,330.8,1302.6
2025-11-07T13:19:04.960Z,0,58,77.062,1335.8,15,299.1,1301.8
2025-11-07T13:19:04.960Z,0,59,78.359,1330.2,15,268.4,1302.9
2025-11-07T13:19:04.960Z,0,60,79.578,1330.2,15,240.6,1308.3
2025-11-07T13:19:04.960Z,0,61,80.875,1326.5,15,210.4,1309.7
2025-11-07T13:19:04.960Z,0,62,82.156,1326.0,15,181.0,1313.6
2025-11-07T13:19:04.960Z,0,63,83.391,1325.0,15,152.5,1316.2
2025-11-07T13:19:04.960Z,0,64,84.609,1324.0,15,124.4,1318.1
2025-11-07T13:19:04.960Z,0,65,85.906,1325.2,15,94.6,1321.9
2025-11-07T13:19:04.960Z,0,66,87.156,1326.2,15,65.8,1324.6
2025-11-07T13:19:04.960Z,0,67,88.453,1326.5,15,35.8,1326.0
2025-11-07T13:19:04.960Z,0,68,89.734,1327.8,15,6.2,1327.7
2025-11-07T13:19:04.960Z,0,69,91.016,1326.0,15,-23.5,1325.8
2025-11-07T13:19:04.960Z,0,70,92.266,1331.5,15,-52.6,1330.5
2025-11-07T13:19:04.960Z,0,71,93.516,1333.5,15,-81.8,1331.0
2025-11-07T13:19:04.960Z,0,72,94.781,1342.5,15,-111.9,1337.8
2025-11-07T13:19:04.960Z,0,73,96.109,1344.5,15,-143.1,1336.9
2025-11-07T13:19:04.960Z,0,74,97.375,1349.8,15,-173.3,1338.6
2025-11-07T13:19:04.960Z,0,75,98.594,1353.8,15,-202.3,1338.6
2025-11-07T13:19:04.960Z,0,76,99.875,1365.0,15,-234.1,1344.8
2025-11-07T13:19:04.960Z,0,77,101.156,1371.8,15,-265.4,1345.8
2025-11-07T13:19:04.960Z,0,78,102.453,1380.5,15,-297.7,1348.0
2025-11-07T13:19:04.960Z,0,79,103.719,1389.2,15,-329.5,1349.6
2025-11-07T13:19:04.960Z,0,80,105.000,1402.5,15,-363.0,1354.7
2025-11-07T13:19:04.960Z,0,81,106.203,1407.8,15,-392.8,1351.8
2025-11-07T13:19:04.960Z,0,82,107.438,1425.2,15,-427.1,1359.8
2025-11-07T13:19:04.960Z,0,83,108.672,1437.5,15,-460.2,1361.8
2025-11-07T13:19:04.960Z,0,84,109.969,1450.8,15,-495.4,1363.5
2025-11-07T13:19:04.960Z,0,85,111.219,1467.5,15,-531.1,1368.0
2025-11-07T13:19:04.960Z,0,86,112.469,1479.2,15,-565.3,1367.0
2025-11-07T13:19:04.960Z,0,87,113.719,1498.8,15,-602.9,1372.2
2025-11-07T13:19:04.960Z,0,88,114.984,1516.0,15,-640.3,1374.1
2025-11-07T13:19:04.960Z,0,89,116.281,1538.5,15,-681.2,1379.5
2025-11-07T13:19:04.960Z,0,90,117.500,1555.5,15,-718.2,1379.7
2025-11-07T13:19:04.960Z,0,91,118.828,1575.8,15,-759.8,1380.5
2025-11-07T13:19:04.960Z,0,92,129.953,170.0,14,-109.2,130.3
2025-11-07T13:19:04.960Z,0,93,130.141,1789.2,15,-1153.5,1367.8
2025-11-07T13:19:04.960Z,0,94,131.234,170.8,15,-112.5,128.4
2025-11-07T13:19:04.960Z,0,95,132.500,172.0,14,-116.2,126.8
2025-11-07T13:19:04.960Z,0,96,140.094,2081.2,15,-1596.5,1335.2
2025-11-07T13:19:04.960Z,0,97,144.234,394.2,15,-319.9,230.4
2025-11-07T13:19:04.960Z,0,98,145.625,387.8,15,-320.0,218.9
2025-11-07T13:19:04.960Z,0,99,147.203,389.8,15,-327.6,211.1
2025-11-07T13:19:04.960Z,0,100,147.969,403.8,15,-342.3,214.1
2025-11-07T13:19:04.960Z,0,101,149.406,413.0,15,-355.5,210.2
2025-11-07T13:19:04.960Z,0,102,150.453,429.2,15,-373.4,211.7
2025-11-07T13:19:04.960Z,0,103,151.859,432.0,15,-380.9,203.7
2025-11-07T13:19:04.960Z,0,104,152.750,435.5,15,-387.2,199.4
2025-11-07T13:19:04.960Z,0,105,154.281,429.8,15,-387.2,186.5
2025-11-07T13:19:04.960Z,0,106,155.469,424.2,15,-386.0,176.1
2025-11-07T13:19:04.960Z,0,107,156.922,419.2,15,-385.7,164.3
2025-11-07T13:19:04.960Z,0,108,158.000,415.8,15,-385.5,155.7
2025-11-07T13:19:04.960Z,0,109,159.547,414.0,15,-387.9,144.7
2025-11-07T13:19:04.960Z,0,110,160.562,429.8,15,-405.3,143.0
2025-11-07T13:19:04.960Z,0,111,165.234,504.5,14,-487.8,128.6
2025-11-07T13:19:04.960Z,0,112,174.578,1662.0,15,-1654.6,157.0
2025-11-07T13:19:04.960Z,0,113,177.109,1659.5,15,-1657.4,83.7
2025-11-07T13:19:04.960Z,0,114,180.562,851.8,15,-851.7,-8.4
2025-11-07T13:19:04.960Z,0,115,183.469,1612.8,15,-1609.8,-97.6
2025-11-07T13:19:04.960Z,0,116,184.750,1617.5,15,-1611.9,-133.9
2025-11-07T13:19:04.960Z,0,117,186.031,1628.8,15,-1619.7,-171.1
2025-11-07T13:19:04.960Z,0,118,187.344,1548.8,15,-1536.0,-198.0
2025-11-07T13:19:04.960Z,0,119,188.609,1531.0,15,-1513.7,-229.2
2025-11-07T13:19:04.960Z,0,120,189.859,1579.5,15,-1556.2,-270.5
2025-11-07T13:19:04.960Z,0,121,191.203,1450.8,15,-1423.1,-281.9
2025-11-07T13:19:04.960Z,0,122,192.609,1338.5,15,-1306.2,-292.2
2025-11-07T13:19:04.960Z,0,123,193.953,1240.0,15,-1203.4,-299.0
2025-11-07T13:19:04.960Z,0,124,195.219,1195.8,15,-1153.8,-313.9
2025-11-07T13:19:04.960Z,0,125,198.344,780.2,15,-740.6,-245.6
2025-11-07T13:19:04.960Z,0,126,199.766,756.5,15,-711.9,-255.8
2025-11-07T13:19:04.960Z,0,127,201.062,750.0,15,-699.9,-269.5
2025-11-07T13:19:04.960Z,0,128,202.328,750.8,15,-694.5,-285.2
2025-11-07T13:19:04.960Z,0,129,203.500,756.8,15,-694.0,-301.8
2025-11-07T13:19:04.960Z,0,130,204.953,777.5,15,-704.9,-328.0
2025-11-07T13:19:04.960Z,0,131,206.172,749.5,15,-672.7,-330.6
2025-11-07T13:19:04.960Z,0,132,207.625,727.2,15,-644.3,-337.2
2025-11-07T13:19:04.960Z,0,133,208.859,718.8,15,-629.5,-346.9
2025-11-07T13:19:04.960Z,0,134,210.234,717.8,15,-620.1,-361.4
2025-11-07T13:19:04.960Z,0,135,211.500,720.5,15,-614.3,-376.5
2025-11-07T13:19:04.960Z,0,136,212.641,731.0,15,-615.6,-394.3
2025-11-07T13:19:04.960Z,0,137,213.812,757.2,15,-629.2,-421.4
2025-11-07T13:19:04.960Z,0,138,216.750,1485.0,15,-1189.9,-888.5
2025-11-07T13:19:04.960Z,0,139,217.984,1516.0,15,-1194.9,-933.0
2025-11-07T13:19:04.960Z,0,140,219.234,1546.2,15,-1197.7,-978.0
2025-11-07T13:19:04.960Z,0,141,220.516,1576.8,15,-1198.7,-1024.3
2025-11-07T13:19:04.960Z,0,142,221.781,1615.8,15,-1204.9,-1076.6
2025-11-07T13:19:04.960Z,0,143,223.047,1646.8,15,-1203.4,-1124.1
2025-11-07T13:19:04.960Z,0,144,224.266,1688.0,15,-1208.8,-1178.2
2025-11-07T13:19:04.960Z,0,145,225.562,1738.0,15,-1216.8,-1241.0
2025-11-07T13:19:04.960Z,0,146,226.844,1780.0,15,-1217.5,-1298.5
2025-11-07T13:19:04.960Z,0,147,228.109,1831.2,15,-1222.7,-1363.2
2025-11-07T13:19:04.960Z,0,148,229.359,1883.5,15,-1226.7,-1429.2
2025-11-07T13:19:04.960Z,0,149,230.625,1938.0,15,-1229.5,-1498.1
2025-11-07T13:19:04.960Z,0,150,231.922,2004.0,15,-1235.9,-1577.5
2025-11-07T13:19:04.960Z,0,151,233.188,1968.2,15,-1179.4,-1575.8
2025-11-07T13:19:04.960Z,0,152,234.484,1938.2,15,-1126.0,-1577.7
2025-11-07T13:19:04.960Z,0,153,235.766,1915.0,15,-1077.3,-1583.2
2025-11-07T13:19:04.960Z,0,154,240.812,310.2,15,-151.3,-270.9
2025-11-07T13:19:04.960Z,0,155,242.812,307.0,15,-140.3,-273.1
2025-11-07T13:19:04.960Z,0,156,243.641,304.8,15,-135.3,-273.1
2025-11-07T13:19:04.960Z,0,157,245.328,299.0,13,-124.8,-271.7
2025-11-07T13:19:04.960Z,0,158,246.656,296.5,11,-117.5,-272.2
2025-11-07T13:19:04.960Z,0,159,247.344,297.2,15,-114.5,-274.3
2025-11-07T13:19:04.960Z,0,160,249.359,294.2,14,-103.7,-275.4
2025-11-07T13:19:04.960Z,0,161,250.734,293.5,15,-96.8,-277.1
2025-11-07T13:19:04.960Z,0,162,252.250,289.5,15,-88.3,-275.7
2025-11-07T13:19:04.960Z,0,163,252.766,289.0,15,-85.6,-276.0
2025-11-07T13:19:04.960Z,0,164,254.672,286.8,15,-75.8,-276.5
2025-11-07T13:19:04.960Z,0,165,255.609,286.5,15,-71.2,-277.5
2025-11-07T13:19:04.960Z,0,166,256.641,284.8,15,-65.8,-277.0
2025-11-07T13:19:04.960Z,0,167,258.766,284.8,15,-55.5,-279.3
2025-11-07T13:19:04.960Z,0,168,259.719,284.0,14,-50.7,-279.4
2025-11-07T13:19:04.960Z,0,169,260.672,284.8,14,-46.2,-281.0
2025-11-07T13:19:04.960Z,0,170,262.703,283.0,15,-35.9,-280.7
2025-11-07T13:19:04.960Z,0,171,263.266,284.0,15,-33.3,-282.0
2025-11-07T13:19:04.960Z,0,172,264.594,282.2,15,-26.6,-281.0
2025-11-07T13:19:04.960Z,0,173,265.594,283.8,15,-21.8,-282.9
2025-11-07T13:19:04.960Z,0,174,267.562,283.5,14,-12.1,-283.2
2025-11-07T13:19:04.960Z,0,175,268.250,283.8,15,-8.7,-283.6
2025-11-07T13:19:04.960Z,0,176,269.422,283.5,13,-2.9,-283.5
2025-11-07T13:19:04.960Z,0,177,271.047,287.0,14,5.2,-287.0
2025-11-07T13:19:04.960Z,0,178,272.031,284.8,12,10.1,-284.6
2025-11-07T13:19:04.960Z,0,179,273.875,285.5,15,19.3,-284.8
2025-11-07T13:19:04.960Z,0,180,274.828,288.8,14,24.3,-287.7
2025-11-07T13:19:04.960Z,0,181,276.000,289.2,15,30.2,-287.7
2025-11-07T13:19:04.960Z,0,182,277.750,289.5,15,39.0,-286.9
2025-11-07T13:19:04.960Z,0,183,278.453,292.0,15,42.9,-288.8
2025-11-07T13:19:04.960Z,0,184,279.766,294.5,15,50.0,-290.2
2025-11-07T13:19:04.960Z,0,185,281.391,296.2,12,58.5,-290.4
2025-11-07T13:19:04.960Z,0,186,282.688,297.0,10,65.2,-289.7
2025-11-07T13:19:04.960Z,0,187,283.641,299.2,15,70.6,-290.8
2025-11-07T13:19:04.960Z,0,188,285.016,301.8,14,78.2,-291.4
2025-11-07T13:19:04.960Z,0,189,285.703,305.5,15,82.7,-294.1
2025-11-07T13:19:04.960Z,0,190,287.422,309.2,12,92.6,-295.1
2025-11-07T13:19:04.960Z,0,191,288.344,312.5,15,98.3,-296.6
2025-11-07T13:19:04.960Z,0,192,289.297,314.0,12,103.8,-296.4
2025-11-07T13:19:04.960Z,0,193,290.719,318.0,13,112.5,-297.4
2025-11-07T13:19:04.960Z,0,194,291.750,318.8,8,118.1,-296.1
2025-11-07T13:19:04.960Z,0,195,293.125,323.8,12,127.1,-297.7
2025-11-07T13:19:04.960Z,0,196,294.203,330.8,11,135.6,-301.7
2025-11-07T13:19:04.960Z,0,197,298.312,1796.8,15,852.2,-1581.8
2025-11-07T13:19:04.960Z,0,198,299.594,1802.8,15,890.3,-1567.6
2025-11-07T13:19:04.960Z,0,199,300.891,1809.2,15,928.9,-1552.6
2025-11-07T13:19:04.960Z,0,200,302.156,1822.0,15,969.7,-1542.5
2025-11-07T13:19:04.960Z,0,201,303.438,1822.0,15,1004.0,-1520.4
2025-11-07T13:19:04.960Z,0,202,304.703,1826.0,15,1039.6,-1501.2
2025-11-07T13:19:04.960Z,0,203,305.969,1841.5,15,1081.6,-1490.4
2025-11-07T13:19:04.960Z,0,204,307.188,2041.0,15,1233.6,-1626.0
2025-11-07T13:19:04.960Z,0,205,308.422,1997.8,15,1241.5,-1565.1
2025-11-07T13:19:04.960Z,0,206,309.734,1958.0,15,1251.6,-1505.7
2025-11-07T13:19:04.960Z,0,207,311.062,1914.2,15,1257.4,-1443.3
2025-11-07T13:19:04.960Z,0,208,312.312,1874.0,15,1261.5,-1385.8
2025-11-07T13:19:04.960Z,0,209,313.625,1835.2,15,1266.2,-1328.5
2025-11-07T13:19:04.960Z,0,210,314.938,1803.8,15,1274.1,-1276.8
2025-11-07T13:19:04.960Z,0,211,316.203,1826.5,8,1318.4,-1264.1
2025-11-07T13:19:04.960Z,0,212,317.438,1851.2,9,1363.5,-1252.2
2025-11-07T13:19:04.960Z,0,213,318.688,1869.5,8,1404.2,-1234.2
2025-11-07T13:19:04.960Z,0,214,319.953,1904.2,8,1457.7,-1225.2
2025-11-07T13:19:04.960Z,0,215,321.219,1941.8,9,1513.7,-1216.2
2025-11-07T13:19:04.960Z,0,216,322.469,1992.8,12,1580.3,-1214.0
2025-11-07T13:19:04.960Z,0,217,323.750,2008.0,15,1619.3,-1187.3
2025-11-07T13:19:04.960Z,0,218,325.078,1996.0,15,1636.6,-1142.6
2025-11-07T13:19:04.960Z,0,219,326.516,1567.2,15,1307.1,-864.7
2025-11-07T13:19:04.960Z,0,220,327.766,1585.8,15,1341.3,-845.8
2025-11-07T13:19:04.960Z,0,221,329.031,1649.0,15,1413.9,-848.5
2025-11-07T13:19:04.960Z,0,222,330.266,1726.8,15,1499.4,-856.4
2025-11-07T13:19:04.960Z,0,223,331.500,1804.5,15,1585.8,-861.0
2025-11-07T13:19:04.960Z,0,224,332.766,1894.5,15,1684.5,-867.0
2025-11-07T13:19:04.960Z,0,225,334.031,1878.8,15,1689.1,-822.7
2025-11-07T13:19:04.960Z,0,226,335.281,1866.0,15,1695.0,-780.3
2025-11-07T13:19:04.960Z,0,227,336.562,1829.5,15,1678.6,-727.7
2025-11-07T13:19:04.960Z,0,228,337.859,1833.8,8,1698.5,-691.1
2025-11-07T13:19:04.960Z,0,229,339.141,1881.0,12,1757.7,-669.8
2025-11-07T13:19:04.960Z,0,230,340.391,1870.5,13,1762.0,-627.8
2025-11-07T13:19:04.960Z,0,231,341.688,1852.5,14,1758.7,-582.1
2025-11-07T13:19:04.960Z,0,232,342.969,1845.2,13,1764.3,-540.5
2025-11-07T13:19:04.960Z,0,233,344.250,1839.2,14,1770.2,-499.2
2025-11-07T13:19:04.960Z,0,234,345.531,1827.5,15,1769.5,-456.6
2025-11-07T13:19:04.960Z,0,235,346.781,1829.8,15,1781.3,-418.4
2025-11-07T13:19:04.960Z,0,236,347.984,1808.8,15,1769.1,-376.5
2025-11-07T13:19:04.960Z,0,237,348.688,6763.2,12,6631.9,-1326.7
2025-11-07T13:19:04.960Z,0,238,353.750,1805.8,15,1795.0,-196.6
2025-11-07T13:19:04.960Z,0,239,355.031,1795.2,15,1788.5,-155.5
2025-11-07T13:19:04.960Z,0,240,356.344,1794.2,15,1790.6,-114.4
2025-11-07T13:19:04.960Z,0,241,357.594,1801.8,15,1800.2,-75.6
2025-11-07T13:19:04.960Z,0,242,358.828,1802.8,15,1802.4,-36.9
